{"p_dict": {"x0": 0.5, "x1": 0.5, "x2": 0.5, "y": 0.09000000357627869, "x3": 0.05000000074505806, "x4": 0.05000000074505806, "x5": 0.05000000074505806}, "y_name": "y"}