{"p_dict": {"x0": 0.5, "x1": 0.5, "x2": 0.5, "y": 0.09000000357627869, "x3": 0.03999999910593033, "x4": 0.03999999910593033, "x5": 0.03999999910593033}, "y_name": "y"}