{"p_dict": {"vaccinated": 0.5, "covid-free": 0.10000000149011612, "symptom-free": 0.05000000074505806}, "y_name": "covid-free"}