{"p_dict": {"x0": 0.09000000357627869, "x1": 0.09000000357627869, "x2": 0.09000000357627869, "y": 0.09000000357627869, "x3": 0.09000000357627869, "x4": 0.09000000357627869, "x5": 0.09000000357627869}, "y_name": "y"}