{"p_dict": {"x1": 0.5, "x2": 0.5, "x3": 0.5, "x4": 0.5, "x5": 0.5, "x6": 0.03999999910593033, "x7": 0.03999999910593033, "x8": 0.03999999910593033}, "y_name": "y", "sigmoidal": ["y"]}