{"p_dict": {"x1": 0.30000001192092896, "x2": 0.30000001192092896, "x3": 0.30000001192092896, "x4": 0.30000001192092896, "x5": 0.30000001192092896, "x6": 0.30000001192092896, "x7": 0.09000000357627869, "x8": 0.09000000357627869, "x9": 0.09000000357627869}, "y_name": "y", "sigmoidal": ["y"], "coeff": {"y": {"x1": 0.1, "x2": 0.2, "x3": 0.5, "x4": 1.0, "x5": 2.5, "x6": 5.0}}}