{"p_dict": {"vaccinated": 0.5, "contacts": 0.5, "mask": 0.5, "covid-free": 0.09000000357627869, "symptom-free": 0.009999999776482582}, "y_name": "covid-free"}